{
  "text": {
    "1": "Good afternoon, and welcome to Netflix Q4 2018 Earnings Interview. I’m Spencer Wang, VP of IR and Corporate Development. Joining me today are CEO, Reed Hastings; our new CFO, Spence Neumann; Chief Content Officer, Ted Sarandos; and our Chief Product Officer, Greg Peters. Our interviewer this quarter is Eric Sheridan from UBS. As a reminder, we will be making forward-looking statements and actual results may vary.",
    "2": "With that, let me turn it over to you, Eric, for the first question.",
    "3": "Thanks so much Spencer. And since, Spence, you are new to the Netflix earnings call, I’m going to turn the first question over to you. First, congratulations on the role as the new CFO of Netflix. Maybe give us your perception of why the role intrigued you in terms of moving to Netflix? What your first perceptions are? And some of the things you plan on making a focus for your tenure as the CFO at Netflix?",
    "4": "Sure. Thanks, Eric. Well first, I’m super excited to be here. A part of what attracted me is just what Netflix is trying to build. I’ve always been attracted to the high ended product quality and ambition, and Netflix has all of that and what we’re creating. First impressions this is day nine. So, I haven’t been here for long. I’m trying to really immerse myself in the business to a lot of listening and learning, really planning to do that for probably the first 60 days or so for sure.",
    "5": "And I’ve already been struck by first just the level of integration and collaboration across this company, all aspects of the company, combined with speed of decision-making and moving forward has been really unique to see. So, also I’ve been really impressed with just the team, the quality of the team, not just my direct team, but across the board again, and their passion and commitment to continue to innovate and improve, improving the content offering, elevating the level of the – and quality of service we deliver to our members and not just our existing members, but our new members and really driving that positive flywheel for our members and ultimately for our business.",
    "6": "So, it’s really been great. I’ve got a lot to learn. I want to thank everyone, all of the folks around the company for being patient and helping me with my onboarding. And really one just a quick special shout out to David Wells. He has been unbelievably gracious with his time, with his insights. And I’m sure he’ll always be at Netflix, but I hope for a long time to come, he’ll be a friend, a colleague and a resource for me.",
    "7": "Great. Maybe since we are at the end of one year and the beginning of another, I’d love to turn to Reed and maybe, Reed, ask you to set the table. What were the big learnings of 2018? What were the things that that you felt the company really attacked in the marketplace in 2018? And as you look out to 2019 and beyond, what are those big opportunities? What are those big challenges? What are you trying to focus the entire management team around in terms of executing against the plan looking forward for Netflix?",
    "8": "For 20 years, we’ve been trying to please our members and it’s really the same focus year-after-year. We’ve got all these ways to try to figure out, which shows work best, which product features work best, we’re a learning organization and it’s the same virtuous cycle, improve the service for our members. We grow. That gives us more money to invest. So, it’s the same things we’ve always been doing at just greater scale.",
    "9": "Fair enough. Obviously, I think almost every conversation each quarter starts with performance of the business. We saw strong subscribers in the quarter, strong comments about the way subscribers should continue to start the year in 2019. Throwing and open to the broader team maybe starting with Reed, but what did you see on the subscriber landscape as you look down to what – the way the business performed in Q4, and what kind of confidence that’s giving you in the growth opportunities looking out to early 2019?",
    "10": "When you look at the chart we put in our earnings letter, which has the weekly growth rate, you can just see how steady it is. And we’re just continuing to work away on all the things that we’ve always done. And what’s wonderful is the Internet entertainment market is just growing, so we’re continuing to fulfill a need that we see.",
    "11": "And Eric…",
    "12": "Do you want add anything?",
    "13": "And Eric, if I could just add a little bit more color to Reed’s comments. I would say the other facet I would highlight is that the strength in membership growth was really broad based geographically. So, really thrilled with the progress we’re seeing in the international segment. And again, that’s not one – any one single territory or any one single country, but really broad based and I think that reflects the global nature of the secular drivers that we have, which is adoption of broadband globally and the adoption of on-demand entertainment globally.",
    "14": "And maybe following up on that is there anything, and maybe this is for a combination of Reed and Ted, was there anything on the local language front? I know that is a piece that we’ve talked about on prior earnings videos about how local language content is driving adoption of the product on a global scale. Anything to call out there you saw in the quarter that should portend well for 2019?",
    "15": "Well, I’d say one thing, this quarter has been incredibly exciting and the things that are playing out and you see the numbers of –you see a big number like Bird Box and You, these shows are playing incredibly globally. So, it’s an interesting thing when you can tap into the global zeitgeist, which is something, which gets me very excited about the potential scale of the content business when the world is excited about something.",
    "16": "Maybe going back to something that’s in the release that was also talked about in the press earlier this week that you’re going to be raising price in Q1 in the U.S. market. Always curious what goes into the thought process around raising price on the service, how confident you are that customers are ready to absorb a higher price for the service when you look out? So, maybe, Reed, I could start with your perspective on how you think about pricing the product in the marketplace and what it means for subscriber momentum going forward?",
    "17": "Greg, I’ll punt to you.",
    "18": "Sure. I think the model we’ve got is a fairly simplistic one, where we think our job is to effectively invest the money that our subscribers give us every month, so that we can give them incredible content in a better and better product experience. And if we do that well, we create more value for our subscribers and then occasionally, we’ll come to them and we’ll ask for a little bit more money, so that we can actually start that next cycle of investment.",
    "19": "And so that’s the overarching framework. And then we look at the engagement levels and a bunch of other things to try and understand what our pricing should be and generally we’ve seen that those are pretty accurate and the price changes that we’ve done are rolling out as expected.",
    "20": "Well, I want to follow up with you Greg on this, because if you look versus a year ago, tremendous level of push on the personalization side and the service, more focus on mobile on the product side as you’ve looked out over the last 12 months. Were those some of the things you saw that that allowed you to see either higher engagement, new use cases emerging along the subscriber base? What did you see in some of those product developments that that fed into maybe a pricing discussion?",
    "21": "I would say that I wouldn’t tie them so directly. I mean we’re generally trying to think about every way we can make the product experience better for our members around the world and that’s mobile changes, where we give them a higher quality experience. We also do things like we give them previews and the ability to sort of like do some sampling of content ahead of time to understand what’s coming to the service as well as things that you mentioned like increasing. Well, we think about is more like how do we tell a story about each of the story.",
    "22": "So when we have a new show coming on how do we effectively communicate what we think is going to be relevant to each of our subscribers in a strong way. So, they can get excited about those shows as well. So, those dimensions and really many, many others, where we just constantly invest in, we don’t really think about it, we’re doing those things, so we can increase price. Within those things, we can just create more fun and excitement for our members. And if they have a great time, then we’ll be able to invest more in content and making more product experience benefits.",
    "23": "Maybe just one more for you, Greg, before moving on, one of the things we noticed in the quarter was Netflix moved up the app download charts with respect to mobile smartphones in the iOS world. Always been a very downloaded app on the iPad front and the tablet front and smart TVs. Was there anything you guys did in terms of either pivoting the business more towards phone in the quarter and to start 2019? Is there anything on the product side you want to call out, because it seems like a pretty pronounced change in some of the data we’re trying to analyze?",
    "24": "Yes. nothing really specific and I think it really speaks more to just the general relevance that the application has and as you see us sort of accelerate in terms of subscriber additions and more members around the worlds using the service. Those members are using it on mobile in large part as well. And so we just see an increased rate of download and that’s what we think is happening there.",
    "25": "Okay, Ted, following up on what Greg just said there, with the price increase going through and there has been other jurisdictions when you put price increases through and talking around similar frameworks, margins and free cash flow than you had talked about previously. I think the natural conclusion some of us have is the incremental investment dollar is going into content. So, Ted, help us to understand what is an incremental dollar that’s being generated by the business going into on the content side, and how should we think about content investments in 2019 versus 2018?",
    "26": "I think Reed said it right. It’s more of the same, but on a continued larger scale. So the level of investment that we’re doing in our original film space, it definitely changes the economics in terms of licensing films and later windows versus producing films, which is a more kind of front-loaded cash activity, but has a much better payback for us. And when you have something like Bird Box, the ability to invest in the next one is just all about – all the greater. And I think in local language content investments improved – continuing to improve the markets that are emerging for us both in the markets at scale around everyone kind of like some of the same things and other markets that are more unique content tastes like in Korea and Japan and India, where we’re able to be much more fine-tuned about what we’re offering those markets as well.",
    "27": "And Eric, just to add on specifically to narrowly answer your question on content spend for 2019, we’re not giving individual expense item – expense line item guidance, but I will say that it was $7.5 billion in content amortization in 2018. And I think you can obviously expect that to grow and the trajectory should be pretty similar. But the other thing to bear in mind is that we’ve also committed to growing the operating margin as well in 2019 by about 300 basis points year-over-year to 13%. So, those will work together, so you’ll see improved margin, but also higher content spend as well.",
    "28": "And then we do see that payback Eric, as Greg mentioned earlier, an increased engagement, so which again continuing the virtuous cycle, where you’ve got more – the more investment you’re putting in, the more people are finding content that they love and the more they have value in the service.",
    "29": "Well, speaking to higher engagement, I think in reading the release, I was legitimately stunned that there was more viewership data in this release, then I’d see it in the Netflix release in a while, I guess obviously, probably, a lot of content that outperformed maybe expectations, but what drove some of the new sort of qualitative and quantitative commentary in this shareholder letter around engagement and viewership around key pieces of property?",
    "30": "I would look at it like these are less financial metrics as they are cultural metric. So that what does it mean when 80 million households watch Bird Box? Well, culturally it means exactly the same thing as 80 million plus people buying a movie ticket to seeing it or 80 million households watching a TV show. So culturally, it’s meaningfully out there. People talking about it, tweeting about it, posting about it, challenging each other, do different things, which we want people to be very careful when they do. But really what’s important is that for part of your Netflix subscription, you’re in the Zeitgeists, you’re – you get – you’re watching the programming that the rest of the world is loving at the same time. So that’s a – so we gave you some numbers out to give you some sense of the scale and the scope of it. I think it’s important for artists to understand – to have the audience also understand the size of the reach of their work. So that’s why you’ll see us ramping up a little bit more and more and giving out, sharing a little more of  that information.",
    "31": " And then, Eric, we also included this analysis of the total TV entertainment market in the United States. Just to point out how large a market that is about a billion hours a day enjoying television, against gaming platforms, linear, DVD, Netflix, everything. And we’re running about 10% of that. So it’s just a very large and fragmented market. There is an incredible set of broad uses. And we did it on television, because television is 100% entertainment time, whereas mobile phones and laptops are some percent entertainment and some percent work and communication activities. So that – that’s just – it sets a broad contest. In other nations, we’re a smaller percentage of the total TV viewing, because we’re less penetrated, but 10% is a great mark for us.",
    "33": " No doubt driven by the theatrical revisions of ROMA.  ",
    "34": "Yes, yes. ",
    "35": "Maybe going back to the product side and Greg, when you hear about the engagement you’re seeing and the content success of the platform, help us understand a little bit of how the product might evolve. I mean, I think, one of the most unique things in the quarter was the interactivity of the Black Mirror product. Would love to talk about both the product side within Netflix and then on the content creation side as Ted talks to content partners about how that interactivity is something new, interesting and might spur engagement, product development and content relationships.",
    "36": "Yes. I think, it’s a great example of us trying to take a technical capability and the flexibility of our distribution platform and trying to figure out how do we use those things to innovate on storytelling in a storytelling format. And it’s super exciting to be able to do that in a way, which to your point drives more engagement. We’re definitely seeing that with Black Mirror and Bandersnatch. But also sort of extends the pallet and the portfolio, the toolset that the storytellers that we’re going to be working with in the years to come have to tell their stories in the most compelling way. So, we’ve been super excited about it. And you should anticipate we’ll do more of those as we start to explore that format. And then I’ll turn it over to Ted to talk about from a content perspective.",
    "37": "Yes. I would just say there’s been a few false starts on interactive storytelling in the last couple of decades. And I would tell you that this one has got storyteller salivating about the possibilities. So we’ve been talking to a lot of folks about it and we’re trying to figure it out too meaning is it novel, does it fit so perfectly in the Black Mirror world that it doesn’t – it isn’t a great indicator for how to do it, but we’ve got a hunch that it works across all kinds of storytelling and some of the greatest storytellers in the world are excited to dig into it. To give you some sense that’s over five hours of content that’s produced for that episode for people to choose their own paths, and there’s countless ways that they could go and end up with. And that is an incredible challenge and of usually exciting thing that differentiates Netflix for creators. ",
    "38": "And I think in that challenge is also an opportunity, right. It’s an opportunity to bring technology to bear, to create a toolset for creators to make that process easier and more effective. ",
    "39": "Right.",
    "40": "Eric, there is one piece of data that didn’t make the release and that’s what percentage of people chose Frosties versus Sugar Puffs. The answer is 73% for Frosties. ",
    "41": "That’s a level of data transparency. We have not seen our content yet…",
    "42": "It was critical data point of the quarter.",
    "43": "Completely anecdotal, but the Sheridan House picked Frosties multiple times. So we fed into those numbers, my wife and I. Let’s bring it all together. Now that we’ve talked a little bit about a price increase subscriber trends, how money gets reinvested back into content. Spence, I’d love to turn to you when say, when you think about the free cash flow profile of the business, some of the commentary in the letter around improving free cash flow from 2019 and beyond, how do you think about funding the business, the approach the business has always taken to the capital markets? Any perspective you have that you think might be different than in the past? Or do you think it’s going to be steady as it goes? How are you thinking about sort of the funding in the capital structure side of the equation albeit new to the role?",
    "44": "Sure. So, well, first, we feel great about our content investment. It really is investment that is as even as you – as we talked about those viewing numbers and characteristics that speaks to at some degree the return on those content investments, the return on that capital. We feel really good about that as obviously the move to more owned content and production has pulled forward some of that spend relative to the former operating model or predominantly licensed model.",
    "45": " So that has put pressure on the cash flows of the business and cash needs of the business over the past few years, but when you saw on the letters that we – the negative cash flow in the business of roughly $3 billion in 2018, we’re predicting sort of similar levels in 2019 and then to meaningfully improve that trajectory going forward. So that comes with driving the subscribers in the business, driving the revenues, driving the – scaling the margins in the business as we’ve committed to from just 4% a couple of years ago to 10% last year and committing to 13% operating margins in 2019 and beyond. ",
    "46": "So, this is a business with characteristics that that certainly allow for very healthy operating margins going forward. You can look at almost any benchmark of a comparable type of company. And so, we feel very good about the operating leverage in the business long-term, ultimately turning that into a much more positive contributor and conversion into cash flow. And ultimately, our aspiration is to be self-funding. And we believe we will do that over time with these content investments.",
    "47": "In the interim, as we continue to need to access the markets, I don’t foresee any change to our approach. We’ve talked about the fact that we’ve accessed the debt markets to do that and we’ll continue to do so. We think that that is the optimal cost of financing and funding to-date and we’ll continue to pursue that path.",
    "48": "Great. too back on the price increase and the subscriber forecast for Q1, just want to make sure there is a clarification point. Number one, in the shareholder letter, you talked about the price increase going into effect during Q1 and Q2, if I remember correctly, the last time there was a price increase, it went into effect over a 12-month period. Maybe just to understand a little bit, what the mechanics are of the price increase, so people can understand some of the decision process behind that, maybe how it flows through the numbers in the first half of 2019?",
    "49": "Sure. I can take that Eric. So, with respect to the price changes, in the U.S., the new pricing goes into effect for new members, existing members will be phased in over the next several months. So, you’ll see that impact over the course of the year and what that means is that will obviously impact the rate of net addition growth in the first half of the year. But commensurately, you also see ASP domestically improve over the course of the year and that’s what we think will drive an acceleration in revenue growth over the course of 2019. And that’s what also we believe drive operating margin higher sequentially over the course of the year to enable us to hit that 13% target for the full year.",
    "50": "Maybe one followup that that came through from investors just thinking through the price increases, it was reported in – or speculated in the press over the last couple of days was how it might inform forward subscriber guidance, it looks like you’re talking about U.S. paid net additions at a pretty similar level in Q1 versus Q4 and yet you are putting a price increase in place. The last time you did that, there was a fair bit of conservatism in the forward guide. How should we reconcile maybe the framework for guidance versus the price increase going into the marketplace? How should investors interpret that?",
    "51": "Sure, Eric. I would say there’s no change in terms of the guidance philosophy. And as we write every quarter, our approach is to strive for accuracy and our guidance forecast. And to do that, we take into account all the known variables that we’re aware of when we set guidance. So, really it is our best guess and we’re not by design trying to be overly conservative or overly aggressive, and we’re really trying to be accurate with it. So that’s the color I provide you with respect to that question.",
    "52": "Great. 2018, which we talked about in the last interview and it has been a topic through the year was the year you framed as a company of testing and learning on the marketing front, possibly pivoting away from fewer subscriber acquisition, pivoting more towards spending money on the marketing side against your brand, individual pieces of content. What did you, as a company, learned this year as you went through that process about the way to allocate marketing dollars on a global scale to arrive at the most optimum outcome of subscriber additions, promoting brand, promoting content, driving engagement, and how should we apply those lessons as we think out to the way marketing might be a sort of trajectory through 2019 and beyond?",
    "53": "Almost all of our investments are promoting these incredible new titles we have like Bird Box. So that’s our primary focus, at least on the paid marketing side. On the earned media side, it’s broad. And then we have some straight acquisition targeted marketing that we also spend, but the bulk of it is around promoting the incredible new titles and getting them broadly launched.",
    "54": "Great. And Greg maybe following up with you when not just when you think about marketing dollars, but also when you think about distributing the product broadly, I think this was a year 2018, where you struck a lot of partnerships to help on the distribution front, love to start with Greg, but love to have anyone chime in that feels they should on what some of those partnerships brought to the platform in 2018. How you think some of those partnerships are set up to aid platform awareness and distribution in 2019 and beyond, and how you think about the scalability for more of those partnerships when you look out over the next couple of years?",
    "55": "Sure. And I think some has been here for a decade plus. it’s sort of pulling that long thread of increasingly using partners in different ways to promote the service and to make it easier for members and members to be to sign up. So, we’ve been doing partners for a long, long time. It’s sort of been this March from integration on devices and just makes that a point to engage with the service to doing things like billing, on behalf of or we do billing integration. And now the latest sort of iteration that we’re working with is, is bundling model, right. And so we’re early on in that process, but I would say we’re quite excited by the results that we’re seeing. And I think mostly, it’s because we believe it allows us to access a segment of consumers, who are big entertainment fans, but maybe, they’re not as sort of technology forward or early adopters.",
    "56": "And so, they haven’t signed up with us directly. And so by putting Netflix on a set-top box, which are using to access a bunch of other video content and by including the Netflix subscription in a package of either their mobile subscription or pay-TV subscription, we can make it just super, super simple for those folks to get to know Netflix and to enjoy the kind of big shows that we’re seeing like Bird Box, et cetera.",
    "57": "So, I would anticipate we’ll do more of those. We rolled out sky and free in Europe this quarter and we’ve got more to come. but also worth noting that, we’re going to grow that segment of the business, but it’s small in terms of acquisition impact. It’s nice supplemental channel, but it’s smaller relative to the total organic subscriber acquisition that we have.",
    "58": "So, I would anticipate we’ll do more of those. We rolled out sky and free in Europe this quarter and we’ve got more to come. but also worth noting that, we’re going to grow that segment of the business, but it’s small in terms of acquisition impact. It’s nice supplemental channel, but it’s smaller relative to the total organic subscriber acquisition that we have.",
    "59": "I could add back to your last question, Eric. Those distribution partners turned out to be great promoters of our content brands as well",
    "60": "And maybe, one followup, when you do those partnerships, has there been one avenue that’s moved its needle more than another, whether it’s in the home broadband space, partnering with infrastructure companies or on the multiple telephony front in promoting mobile usage and mobile engagement on the platform? Or have you’ve seen roughly similar results irrespective of the type of partner?",
    "61": "I would say every market is different and every partner is different in terms of their goals and what they’re – the message that they’re communicating to their subscribers and how we can link that message with the Netflix message as well. but so nothing stands out thematically or sort of a general trend that I would say, but each one is incremental and so we look to do more of all kinds",
    "62": "Maybe going back to the shareholder letter, one phrase in the shareholder letter that Ted, I wanted to ask you about, the phrase less focused on second run programming. I think one of the big investor debates and questions around Netflix becomes what happens to licensed content that may come off the platform in 2019 and beyond. How you plan for that content coming off the platform? What it means for investments? What it means for engagement? Maybe reflect upon that statement in the shareholder letter and how it informs maybe the mix shift or the planning process for content as you look out to 2019 and beyond",
    "63": "Well, most of those licensing deals are multiyear. So, it gets – that gets caught up in our long-term content commitments. That’s all part of those that content. remember our early investment in doing original content more than six years ago was betting that this would be, there would come a day when the studios and networks may opt not to license us content in favor of maybe creating their own services, which was – that’s a corner that I’m glad we saw around a few years ago",
    "64": "And today, I’d say the vast majority of the content that is watched on Netflix are our original content brands. We do license a lot of second run content and in that we have a lot of episodes. So we have shows like Grey’s Anatomy or Friends, we have hundreds of episodes. It’s a lot of hours of watching, but that if you stack all those, all of that viewing, sort of like a top 50 or top 25 most watched shows by seasons or by series, that’s dominated primarily by our original content brands. We are still a buyer in that second run market. We both are pre-buyer, been buying it before the shows come out and sometimes an aftermarket buyer, but it really is up to the sellers whether or not they want to continue to sell",
    "65": "And adding to Ted’s comments, the top brands that we have, being originals like Bird Box are phenomenal and an unscripted now, it’s our first category, where a majority of the viewing is a branded original, in the other categories we’re climbing, not yet at a majority, but on track for it",
    "66": "And two years ago, we didn’t have any original unscripted content at all. So that’s how fast that that those moves can take place",
    "67": "And Eric, we’ve also said we’re not overly dependent on any one single piece of content as well. So, the viewing is quite diverse and as",
    "68": "Next, through our originals as well",
    "69": "That’s right. And as Ted mentioned, all of these licensed deals are staggered in sort of waterfall in over a period of time. So, there’s no sort of cliff there",
    "70": "Waterfall and cliff, right",
    "71": "I am on a roll",
    "72": "Go ahead",
    "73": "Maybe following up one more piece of the content side, one question that came into me as the moderator of this quarter in a couple of different ways was how to think about ownership of content versus co-production of content, what the right mix shift of that is medium-to-longer term, what’s some of the pros or cons are of the approach of either doing co-production versus outright ownership and how we should think about that developing over the next couple of years",
    "74": "Well, the one thing is our main goal is to make the best content. And we’ve said – we’ve said in previous quarters that that is a combination of several different business models depending on who owns the IP. So, what we’re going to do is make the best show and not be stuck on the business model, because the consumer really doesn’t understand that or we even want to spend any time thinking about it",
    "75": "So by way of example, last year, we had 140 different shows around the world that premiered on A network somewhere and on Netflix everywhere else in the world. next year, it’s more to closer to 180. And these are combination of co-producing with local producers in other countries; it shows that then air on a network in that country and then premier on Netflix. But when I say co-production, I mean, we come in at the script stage, we come in at the first money stage, we’re involved creatively with the production of that show",
    "76": "Bodyguard is a good example of that, that we produced with ITV that the BBC premiered in the UK and that at the same time. we released it on Netflix around the world, and we produced it together at the script stage. We’re involved in the production to that show and outside of the UK, it is a netflix original show and in the UK, we follow a broadcast window from the BBC. And again, we’ve had a great success with the show around the world. One additional data point, we have over 23 million households have watched bodyguard in Netflix in the first four weeks and it’s a good example of taking a show from anywhere in the world to the rest of the world. And we do other ones where we just are whereby territories. There use to be a tradition in television, where the network would make one show and then the – they take it to MACE – to the MACE screenings and try to sell market after market after market, that’s less and less the case while we’re working with producers and networks now to pre-buy or co-produce for the rest of the world. A similar evolution to the old studio film business, where the studios used to carry the international rights until they sold them and then they more frequently now go out and do international co-productions",
    "77": "Eric, I think we have time for one more question please",
    "78": "Sure. And maybe turning it back to Reed, I think one of the more interesting sections in the shareholder letter, Reed, was you talked about the competitive landscape, big question, big debate. We get a lot from investors. You talked about it a lot of ways all ships rising, but talk a little bit about the landscape. What do you see out there on the landscape to attract user retention, user engagement, monetization, attract content creators, and how you think that competitive landscape will evolve and how do you think about navigating it from not only just 2019, but for the longer-term, Reed",
    "79": "All ships rising as a little Pollyanna, optimistic, I think about it really is as winning time away, entertainment time from other activities. So, instead of doing Xbox or Fortnite or youTube or HBO or a long list, we want to win and provide a better experience. No advertising on demand. Incredible content. And so when you think of just the U.S. terms as an example. There’s a billion hours of television content being consumed today, we’re winning about 10% of it",
    "80": "And so that’s why like Disney, they have great content, we’re excited for their launch and maybe they grow over a couple of years to 50 million hours a day, but that’s out of the billion. And so we compete so broadly with all of these different providers that any one provider entering, only makes a difference on the margin. And so again, that’s why we don’t get so focused on any one competitor and really think our best way is to win more time by having the best experiences, all the things we do. And that’s helped us a lot. Another thing that’s helped us a lot is having David Wells as our CFO for the last 10 years. It’s been an incredible joyous partnership. And so to wrap up this call, I’m going to turn it over to David Wells to come say goodbye",
    "81": "Surprise guest. So, Reed and the group was great to give me this sort of last word. Thank you. A giant thank you to our investors. I’ve been here nearly 15 years. That’s 51 quarters including this one with 32 as the CFO, a 1000% plus growth in the value of the company and I’ve been a big part of that and I’m really thankful and respectful for that. And I’ve got just super high confidence in Spence. We spent a lot of time together. I think he’s going be great for the next phase of Netflix growth so – and just really thanks. Thanks to all the investors. Thank you",
    " 32": " Eric, I also think it’s a good data point around the fact that we are growing the entertainment business. So, the idea that it’s good for the industry to know, it’s good for the creative community to know, it’s good for fans to know that we’re – at a time when we’re growing big audience films like that, the box office by way of example, the North American box office has grown in the fourth quarter. So – and in fact had some records. So I think it’s a very exciting time. And we thought it’d be a good idea to give you some idea of the scale of that and how to put it in context. "
  },
  "sentiment": {
    "1": "neutral",
    "2": "neutral",
    "3": "positive",
    "4": "positive",
    "5": "positive",
    "6": "positive",
    "7": "positive",
    "8": "positive",
    "9": "positive",
    "10": "positive",
    "11": "neutral",
    "12": "neutral",
    "13": "positive",
    "14": "neutral",
    "15": "positive",
    "16": "neutral",
    "17": "neutral",
    "18": "positive",
    "19": "positive",
    "20": "neutral",
    "21": "positive",
    "22": "positive",
    "23": "neutral",
    "24": "positive",
    "25": "neutral",
    "26": "positive",
    "27": "negative",
    "28": "positive",
    "29": "neutral ",
    "30": "positive ",
    "31": "positive ",
    "32": "positive ",
    "33": "positive ",
    "34": "positive ",
    "35": "neutral",
    "36": "positive ",
    "37": "positive ",
    "38": "positive ",
    "39": "positive ",
    "40": "neutral",
    "41": "neutral",
    "42": "neutral",
    "43": "neutral",
    "44": "positive ",
    "45": "negative",
    "46": "positive ",
    "47": "negative",
    "48": "positive ",
    "49": "neutral",
    "50": "neutral",
    "51": "positive ",
    "52": "neutral",
    "53": "positive ",
    "54": "positive ",
    "55": "neutral",
    "56": "positive ",
    "57": "positive ",
    "58": "neutral",
    "59": "positive",
    "60": "neutral",
    "61": "negative",
    "62": "neutral",
    "63": "positive",
    "64": "positive",
    "65": "positive",
    "66": "positive",
    "67": "positive",
    "68": "neutral",
    "69": "positive",
    "70": "neutral",
    "71": "neutral",
    "72": "neutral",
    "73": "neutral",
    "74": "neutral",
    "75": "positive",
    "76": "positive",
    "77": "neutral",
    "78": "positive",
    "79": "positive",
    "80": "positive",
    "81": "positive"
  }
}